title_en,title_am,similarity_score,alternative_position,reason
Executive issue,,0,Executive Assistant,"Executive issue likely refers to handling executive matters, similar to an executive assistant role."
CBE Birr Operator,,0,Mobile Money Agent,"CBE Birr Operator manages mobile money transactions, equivalent to a mobile money agent."
A creator of children's fairy tales and able to write fairy tales,,0,Children's Book Author,Creating children's fairy tales aligns with being a children's book author.
teacher who can recite the Qur'an,,0,Quran Teacher,Reciting the Quran is a key duty of a Quran teacher.
"A maker of desserts, mainly baklava, halawa and mushebek",,0,Pastry Chef,Making desserts like baklava and halawa is typical for a pastry chef.
nails and eyelashes  professions,,0,Nail and Eyelash Technician,Professions involving nails and eyelashes are done by nail and eyelash technicians.
A receptionist who packs goods and drives a car,,0,Administrative Assistant,"Combining receptionist, packing, and driving duties fits an administrative assistant role."
"A volunteer who can make audio recordings in Aramaic, Tigrinya and English",,0,Voiceover Artist,Making audio recordings in multiple languages is the work of a voiceover artist.
Able to produce vases and other accessories made of cement,,0,Cement Artisan,Producing vases and accessories from cement is done by a cement artisan.
Able to teach and recite the Qur'an,,0,Quran Teacher,Teaching and reciting the Quran is the role of a Quran teacher.
Acting and editing a YouTube show for a new film and theater group,,0,Video Editor,"The role involves editing a YouTube show, which aligns with video editing tasks."
narrator,,0,Voice Actor,Narrator is a type of voice actor providing spoken commentary.
Aluminum expert,,0,Aluminum Fabricator,Expert in aluminum work typically involves fabrication or welding.
Amharic text writer and photoshop designer,,0,Content Writer,"Combines Amharic text writing with design, fitting content creation."
"An expert who can make shapes with paper, fabric and different raw materials",,0,Craft Artist,"Making shapes from paper, fabric, and raw materials is craft artistry."
Answering phone calls for ride and delivery work,,0,Call Center Agent,Answering phone calls for ride and delivery services is a call center role.
Arabic speaking writer,,0,Content Writer,Arabic speaking writer focuses on written content in Arabic.
Artificial grass,,0,Landscaper,Artificial grass installation is a landscaping task.
Assistant juicer,,0,Kitchen Assistant,Assistant juicer is a kitchen helper role in food preparation.
Assistant Professor of Nail and Eyelash,,0,Beauty Technician,Teaching nail and eyelash techniques is a beauty education role.
Asuzu van sales staff,,0,,
Audio recording of Tigrinya language,,0,,
Auxiliary fiber producer,,0,,
Bachelor's degree in history and related fields,,0,,
Bazaar sales employee,,0,,
beginner in the Yage and General Assistant,,0,,
Beginner patcher,,0,,
Beginner vocal and keyboard coach,,0,,
Betting house ticket counter,,0,,
Bicycle rental,,0,,
Breakfast host,,0,,
Brochures and stickers for posters,,0,,
Budding comedy talent,,0,,
Camcorder TV (Fulm),,0,,
Can make Chinese 🇨🇳 food,,0,,
Car body worker,,0,,
Car seat clothes wide,,0,,
Chips and egg sandwiches,,0,,
Cinema host,,0,,
Civics teacher,,0,,
Commission work,,0,,
Computer and mobile home sales,,0,,
Control and deployment of vehicles and machines,,0,,
Copy house worker,,0,,
Cover wide specialist,,0,,
Data collector,,0,,
Decorator,,0,,
Directing and essay writing teacher,,0,,
"Dishwasher, Driller, Plumbing & Maintenance, Electrical Installation & Maintenance, Painter",,0,,
Envoy in regional cities,,0,,
Epoxy specialist,,0,,
Event coordination,,0,,
Fast Amharic writer,,0,,
copy house worker,,0,,
DJ,,0,,
nail and lash specialist,,0,,
narrator,,0,,
share sales and monitoring specialist,,0,,
Field reporter,,0,,
Film mounting and printing services,,0,,
Game Zone Pool Player,,0,,
Grind salt,,0,,
Handicraft (Lace Craftsman),,0,,
Has a hacker and an embroidery singer,,0,,
Ice cream expert,,0,,
"In case of two-wheeler (motorcycle) executor, consignee and consignee and proper preparation of documents.",,0,,
Interviewer,,0,,
Job opportunities for event planning and sales professionals,,0,,
Loader and unloader,,0,,
Made of steel,,0,,
"Magazine, Binder and Photo Shooter",,0,,
Making milkshakes,,0,,
Messenger and executor,,0,,
Network expansion,,0,,
Oromo language audio recording,,0,,
Oromo teacher,,0,,
Oromo to Amharic translator,,0,,
Personality building and motivational speaker,,0,,
Pool House Revenue Officer,,0,,
Preparation of career proposals,,0,,
Producer of a religious YouTube channel,,0,,
Protection,,0,,
Reader for YouTube channel analysis,,0,,
Receipt print/delete section,,0,,
Receiving orders by phone and telegram,,0,,
Safaricom Sales Officer,,0,,
Sale of construction equipment,,0,,
Scallop micropigmentation specialist,,0,,
Scooter riders with their own scooters,,0,,
"Send and control movies, music and games in the cinema",,0,,
Shawarma worker,,0,,
"Short Film Writing for YouTube, YouTube Show Ideas, Sitcom Drama Writing and Acting",,0,,
Skin wide,,0,,
Sound Man Assistant (Carrier),,0,,
Supervising the safety of students,,0,,
Survey,,0,,
Tapestry expert,,0,,
Tele silver agent,,0,,
Telebur agent registrar,,0,,
Telemarketer,,0,,
Telephone call receiver,,0,,
Text for customers entering contract and evidence,,0,,
"The main dessert maker is Bakla, Halau, Mushebek and Fatira maker",,0,,
Vocal / for both genders /,,0,,
keyboardist,,0,,
"aerobics, dance and pregnancy trainers",,0,,
Wet maker,,0,,
Wife's results marketer,,0,,
Writer and Internet user,,0,,
Almunium Worker,,0,,
Gypsum worker,,0,,
Biomedical Equipment maintenance,,0,,
1. Call operator 2. Delivery coordinator,,0,,
Water Proofing Workers,,0,,
content creator,,0,,
Customer Service Support (CSS),,0,,
Photoshoper,,0,,
Senior Java Developer,,0,,
1) Social media manager and content creator,,0,,
2D promo video maker,,0,,
3D Architectural visualizer,,0,,
3D Artist and Blender for YouTube channel,,0,,
3D Character Sculpting Artists,,0,,
3D courses,,0,,
3D creature sculpting,,0,,
3D modeling and PS work,,0,,
3D product visualizer /3D product designer/,,0,,
3D Substance Painter,,0,,
Front End and Back End Developers,,0,,
3rd Party Recovery Assistant,,0,,
Lead and Deputy Team Leader/Technical,,0,,
Abroad study Admission Processing,,0,,
Accessibility Modification Construction Works,,0,,
Access Manager,,0,,
Access to Finance and Private Sector Engagement Specialist for ELSIPB Project,,0,,
"Accountability, Complaint and Feedback officer",,0,,
Accountability (M & E officer),,0,,
Accountability & Safeguarding Advisor - Highland Resilience Activity,,0,,
Accountability to the Affected People (AAP) Specialist,,0,,
Accountant for Transport Business Unit,,0,,
Accountant/IFRS Consultant,,0,,
Accountant II-IFB Finance & Accounts,,0,,
Accountant Internship at LSSYA,,0,,
Accounting and Finance Expert Finance Software Dev't and Implementation Project,,0,,
Accoustic band (Preferably English tunes),,0,,
Acibadem a class health care service,,0,,
Addis Coder Teaching Assistant,,0,,
"Administration and Finance Assistant /Afar region, Teru Woreda",,0,,
Administrator at Terra LAB,,0,,
Admin Officer-IFDC Ethiopia,,0,,
Admission & Placement Head (Registrar Head),,0,,
Admission Process Consultant,,0,,
adobe after effects expert,,0,,
Adobe Photoshop ባለሙያ,,0,,
Adobe premium and Adobe photoshop,,0,,
Adolescent and Youth SRH Technical Advisor,,0,,
ADOLESCENT SEXUAL REPRODUCTIVE HEALTH AND NUTRITION TEAM LEADER,,0,,
Adolescent Youth Health (AYH) Advisor,,0,,
Advanced C++ and/python developer needed,,0,,
Advanced Java (Software Engineering) Tutor,,0,,
Advanced Personal English Instructor,,0,,
Advanced python developer,,0,,
Advanced Telegram Bot Developer,,0,,
Advanced Wordpress programmer,,0,,
Advance Flutter Developer(IOS),,0,,
Advertising arabian clothes and shoe,,0,,
Advertising workshop supervisor,,0,,
"Advisor, Digital Governance and Innovation",,0,,
Advisor (Energizing Health),,0,,
"Advisor, Make way project",,0,,
Advisor to the Head of Sub Delegation,,0,,
"Aesthetics (HPE, Art, Music) Teaacher",,0,,
Afaan Oromo/Amharic to English translator,,0,,
"Afaan Oromo, Environmental Science, ICT, Economics, English Teachers and School Guidance and Counselor",,0,,
Afaan Oromoo Software Translator & Test Engineer,,0,,
ከአማርኛ ወደ Afaan Oromoo Translation,,0,,
Afaan Oromo script/story writer,,0,,
Afaan Oromo speaker video editor,,0,,
Afaan oromo speaking audio and video editor,,0,,
Afaan Oromo to English Translator,,0,,
Afan Oromo and Tigrigna Translator,,0,,
Afan Oromo Phone Call Customer Support,,0,,
Afan Oromo Transcriber,,0,,
Afan Oromo Typist / Secretary,,0,,
"Afar, Somali, and Oromo to English video translation.",,0,,
Afar translator & Proofreader,,0,,
Affan Oromo Speaking Skilled Course Instructors,,0,,
African Union CAADP Program Coordinator for the Post Malabo Process,,0,,
Af Somali translator,,0,,
AfterEffects Animator,,0,,
Agent Relationship Manager (ARM),,0,,
Agribusiness Cluster Development Consultant-Young Professional,,0,,
Agricultura and Market System Development Coordinator,,0,,
Agricultural Inputs Registration and Marketing Sales Head,,0,,
Agriculture Business Proposal Writer needed,,0,,
Agriculture Report Translator,,0,,
AIR TICKET AGRENT,,0,,
Air ticketing and creative Graphics Designer,,0,,
Airtime distribution agents,,0,,
Alternate Channel Administrator ATM/POS,,0,,
Alternate Channels Engineer-Online,,0,,
Aluminium foil supply.,,0,,
Aluminium Foreman,,0,,
Aluminium Technicians and Glass Worker,,0,,
Aluminum Profile Prep and Machinery Technicians,,0,,
የአልሙኒየም ስራ አሰልጣኝ (Aluminum work trainer),,0,,
AmateurJazz band (Amateur jazz playing team),,0,,
Amateur (junior) Reggae band,,0,,
"Amateur vocalist,lyrics and melody writer",,0,,
American accent trainer,,0,,
Amhargna . Biology and English teachers,,0,,
Amharic and English Content Reviewer,,0,,
Amharic and English Dental Health Article Writer,,0,,
Amharic and English journalist,,0,,
Amharic and English Secretary,,0,,
Amharic and English Voice over Artist,,0,,
Amharic and ethics teacher,,0,,
Amharic audio to Amharic doc transcription,,0,,
"Amharic, Biology, Social Studies Teachers for Elementary School",,0,,
"Amharic, English, Afan Oromo, Math, Geography, History, Art , HPE, KG Teachers",,0,,
Amharic interview editor,,0,,
Amharic narrator,,0,,
Amharic Software Translator & Test Engineer,,0,,
Amharic Teacher (2) and English Teachers for KG (3),,0,,
Amharic Teacher for High School and Preparatory,,0,,
amharic to afar language translater,,0,,
Amharic to English translation for poetry and literature content,,0,,
Amharic to geez translator,,0,,
Amharic to Hebrew translator,,0,,
Amharic to Somali translator,,0,,
Amharic video script writer for youtube,,0,,
An article reviewer,,0,,
Andriod and iso application developer,,0,,
Android application developer for existing WordPress website,,0,,
Android app Programer,,0,,
Android Developer with Kotlin and Jetpack Compose,,0,,
Android google maps developer,,0,,
Android Keyboard app creator,,0,,
Android Kotlin developer,,0,,
Android & PHP Developer,,0,,
Android Reverse Engineer,,0,,
An experienced ISO 9001:2015 Consultant,,0,,
Angular 11 and Express JS developer,,0,,
Angular and Flutter developer,,0,,
Angular Developer with Ngrx State Management,,0,,
Angular JS and Express Js Developer,,0,,
Angular JX Developer + NGRX,,0,,
Angular + Loopback 4 developer,,0,,
Angular/React and Java developer,,0,,
Angular / react trainer,,0,,
Animated explainer video creator,,0,,
Animated Infomercial Video Explaining PreWedding Financial Planning,,0,,
Annual vehicle inspection Computer professional,,0,,
ANSYS Fluent software design,,0,,
Antimicrobial Stewardship/Resistance Advisor,,0,,
Anuak/Anyuak/Anywa to English translator,,0,,
Anuual report / infographics designer,,0,,
Anyone who can work with WaterCad and epanet software,,0,,
Anyone with a digital version dictionary,,0,,
Ruby on Rails profession,,0,,
a person that receive voice and SMS messages.,,0,,
A person who will make and sell Cotton candy,,0,,
Apiculture Development Officer,,0,,
Api integration experts,,0,,
"የሞባይል አፕልኬሽን ልክ እንደ "" ፈረስ "" APP",,0,,
Apparentship logo designer,,0,,
Apple Developer Account,,0,,
Apple developer account creator,,0,,
Application Developer with GIS and Taxi App Experience,,0,,
Application Development Instructor in Java,,0,,
Applied chemistry ( industrial chemistry) and environmental health,,0,,
Applied Mathematics Project solution checker,,0,,
App logo maker,,0,,
App Promotional Video Creator,,0,,
Appstore Account Creator,,0,,
APSA Researcher,,0,,
APTS Outcome Assessment Consultant,,0,,
Arabic and mandarin language text content creator,,0,,
Arabic audio recording project,,0,,
Arabic Language Professional,,0,,
Arc GIS assignment assistance,,0,,
Arc GIS assignment assistant,,0,,
Architectural CAD file to 3d model,,0,,
"Architectural Modeling,Visualization and Rendering specialist",,0,,
ARCHITECTURAL TV SHOW HOST,,0,,
Archtects Junior/Senior Who Wants to Present Theire Built/Unbuilt Projects For Tv Audience,,0,,
AR Drawing Production for permit purposes,,0,,
Arduino and related project consultant,,0,,
Arduino Drone or Robotic Arm kit,,0,,
"Arduino, Software engineer, knowledge of PCB.",,0,,
Area Lead- Deris Wanaag,,0,,
Area Sales Head,,0,,
Area Sales Representative Addis Ababa,,0,,
Arichive/ Documentation/officer,,0,,
Arki sport betting,,0,,
Article writer with a Psychology background,,0,,
Artifical grass (Carpet) supplier,,0,,
transitor,,0,,
ASP.NET MVC Developer to help me complete my project,,0,,
Assessment & Examination Unit Head,,0,,
Assessment of Payments for Ecosystem Services (PES) in CLM Project Watersheds,,0,,
Assessor (Job by - Unity Business Group),,0,,
Assessor/ Transistors,,0,,
Assignment Editor,,0,,
Assistance Coordinator (Data to Action and Maternal Immunization Study),,0,,
Assistant 3rd Party Recovery Officer,,0,,
Assistant Chief for Burger & Pizza,,0,,
Assistant Client Communication Specialist (English fluent),,0,,
Assistant for Booking and Scheduling Meetings,,0,,
Assistant for Dump tracks,,0,,
Assistant foreman,,0,,
Assistant for Follow-Up,,0,,
Assistant GSE Operator,,0,,
Assistant Lobed Operator,,0,,
Assistant Matron,,0,,
Assistant Palletizer Operator,,0,,
Assistant Professor or Associate Professor in ENT,,0,,
Assistant Professor or Associate Professor in Gastroenterology,,0,,
Assistant Professor or Associate Professor in Medical Oncology,,0,,
Assistant Professor or Associate Professor in Pediatrics or Neurology,,0,,
Assistant Professor or Associate Professor in Urology,,0,,
Assistant Spare Parts & General Items Store Keeper,,0,,
Assistant to the African Union Team,,0,,
Assistant Towing Machine Operator,,0,,
Assistant Treatment Machine Operator,,0,,
Assistant Utility Operator,,0,,
Associate-Business Process Solution,,0,,
Associate Customer Relationship Manager (IFB),,0,,
Associate ERP Support Specialist (It has been re-advertising as insufficient applicants were not found in the previous advertisement.),,0,,
"Associate, Health Financing",,0,,
Associate I-Risk and Legal,,0,,
Associate KYC Officer,,0,,
Associate Researcher II,,0,,
Associate - Transaction Advisory Services,,0,,
Asst. Director of Sales & Marketing,,0,,
Attorney Litigation- Addis Ababa,,0,,
Audio Advert,,0,,
Audio book narrator,,0,,
Audio Narrator for youtube,,0,,
Audio Visual & Media Documentation Expert,,0,,
Audio – Visual Officer,,0,,
Auditor Service Department Deputy Head,,0,,
Auditor– TLMI Ethiopia Accounts,,0,,
"Audit, Risk Management and Compliance Division Head",,0,,
Auto Body Repair and Welder,,0,,
Auto Body Shop Controller,,0,,
Autocad Designer and Machine operator,,0,,
AUTOCAD DESSIGN,,0,,
AutoCAD Instructor,,0,,
AutoCad / Revit Draftsman,,0,,
Autodesk Revit and 3D max Teacher,,0,,
Automtive Manager,,0,,
a Volunteer Design Project Proposals and Organizational Development,,0,,
Award ceremony announcer,,0,,
AWD Response Regional Coordinator,,0,,
A working VAS software,,0,,
AWS DevOps Engineer,,0,,
Aws DevOps Engineer and Backend Developer with Django,,0,,
Axillary Mechanic,,0,,
B2B & B2C Telesales Executive,,0,,
B2B (business to business) Sales Agent,,0,,
B2B Lead Generation Specialist.,,0,,
baby and patient sitter,,0,,
Baby shower décor,,0,,
Backdoor developer for android,,0,,
backend and frontnd software devloper,,0,,
Backend/API Tester with Django and Django rest framework,,0,,
Backend Developer (Laravel FW),,0,,
Back End Developer(Micro Service Experience ),,0,,
Backend Developer ( Node.js & MongoDb ) Intern,,0,,
Backend Developer | Payment Integrator Expert,,0,,
Backend Developer with JS + Firebase,,0,,
Back End Developer(WIth Micro Service Experience ),,0,,
Backend Developer with NestJs and/or,,0,,
Backend developer with .NET experience,,0,,
BackEnd Django (Python) developer,,0,,
Backend / Fullstack Developer,,0,,
Backend Node Developer,,0,,
Backend Node.js Developer,,0,,
Backend PHP Laravel API Developer,,0,,
Backend Programmer,,0,,
Backend Python developer,,0,,
Backend QA Tester,,0,,
Backend Software,,0,,
Backend System Administrator/Magento and CodeIgniter expert/,,0,,
Back hoe Loader Operator,,0,,
Band for music night,,0,,
Band members,,0,,
Bank Payment Lead,,0,,
Bar Bender Foreman,,0,,
Barber and scalp shampoo massager,,0,,
baresta,,0,,
Base Manager,,0,,
Batching Plant Casting Sight Coordinator,,0,,
Batching Plant Forman,,0,,
Batching Plant Mechanic,,0,,
Bazeto visual effects Train and Hire Program,,0,,
ወጣት ብስክሌተኛ (Bcyle guy),,0,,
BD Agent,,0,,
Beat Maker ( trap..drill..hip hop beat maker),,0,,
Behavior Change Communications Officer (BCC Officer),,0,,
"Best Practice, Stories and Video Documentary Production and Photography Service",,0,,
Bettaa Design and Print,,0,,
የቤቲንግ ቤት ትኬት ቆራጭ (Betting Cashier),,0,,
Bid Document Writer,,0,,
BIM (Building Information Modelling),,0,,
Bim modeler and graphics designer,,0,,
Blocking & Plastering Subcontractors,,0,,
Blog article and Copywriter,,0,,
Bodygard,,0,,
Bonded Ware House Supervisor,,0,,
Book translation from english to amharic,,0,,
Bookworm,,0,,
Bord control,,0,,
Bot development,,0,,
Branch Manager “D” for Kirkos Branch,,0,,
Branding and Talent Attraction Executive,,0,,
Branding Design for our Printing Company,,0,,
Brand logo design for webpage,,0,,
Brand Studio Lead,,0,,
Brochure Design,,0,,
Broschore distribution,,0,,
Browser Automation For Data Entry,,0,,
Budget and Inventory Head,,0,,
Building a Video Streaming Service Using Bubble.io,,0,,
Building General Foreman,,0,,
Burgur and Pizza Waiter and Assistant Shef,,0,,
Business card and flyer distributor for a business,,0,,
Business card designer,,0,,
Business Operations and Website Development Internship/Mentorship,,0,,
Business Pitch Deck Presenter,,0,,
Business Plan for a Ride share App,,0,,
Business Plan & Proposal Writer,,0,,
Business Processing outsource (BPO) expert,,0,,
CAD designer for CNC machine,,0,,
Cad Drawing Cam working Macbine operator,,0,,
የካፌ ሰራተኛ እና ጠቅላላ አገልግሎት / Cafe & Coffee House Personnel,,0,,
Café / Dietary Head,,0,,
Cajon or percession player,,0,,
Call Center & Customers services in Afaan Oromoo,,0,,
call center solution provier,,0,,
Call Center Superivisor,,0,,
"Call for bid- Baseline Survey & Gender, Youth and Social Inclusion (GYSI) Analysis",,0,,
Call for Consultancy: Annual Survey for RAYEE Project,,0,,
Call for Consultancy- Consultancy Service to Conduct End Line Evaluation Study for ACROSS Project in Ethiopia,,0,,
"CALL FOR CONSULTANCY FOR COMPILATION, AND SUMMARIZATION ANALYSIS OF ACCESSIBILITY AUDIT REPORTS",,0,,
"Call for Consultancy Service - End line evaluation of “Emergency Assistance to the Conflict-Displaced IDPs and affected Host Communities of Amhara and Benishangul-Gumuz Regions, Addressing Immediate Basic Needs and Building Resilience”.",,0,,
Call for Consultancy Service for Business Cases _Medium Scale Digester and technological innovation,,0,,
Call for consultancy service for Design Social Behaviour Change Communication (SBCC) strategy for Facial Cleanliness and Handwashing (Based on formative research findings),,0,,
Call for consultancy service for documentation of the impact of bio-slurry on food production,,0,,
Call for Consultancy Service for Implementation of International Public Sector Accounting Standards (IPSAS),,0,,
Call for Consultancy Service for Implementation of International Public Sector Accounting Standards (IPSAS),,0,,
Call for Consultancy Service For inclusive MHM Skill Training On Both Theory & Practice of Pad Making for Girls with Disabilities,,0,,
Call for consultancy service for Resource Mobilization and Partnership Building for HESPI,,0,,
Call for Consultancy Service On Inclusive Media Guidelines and Policy Development,,0,,
Call for Consultancy Service on Reviewing & Producing Inclusive Accessible IEC/BCC Materials on COVID-19 Vaccination and Routine Immunization,,0,,
Call for Consultancy Service – Project Pre-Feasibility Study,,0,,
"Call for Consultancy Services for Developing and Piloting Toolkit for CSOs on Human Rights, Gender Equity and Environment Sustainability",,0,,
Call for Consultancy Services Training Terms of Reference: “Gender Transformative Programming,,0,,
Call for Consultancy Service To Conduct a Rapid Assessment of Challenges Facing Lawyers and Human Rights Organizations working on Strategic Litigation in Ethiopia,,0,,
"Call for consultancy service to conduct project Terminal Evaluation in SNNPR, Wolaita Zone, Boloso Sore and Damot Pulasa districts.",,0,,
Call for consultancy service to conduct salary and benefit survey.,,0,,
Call for Consultancy Service to conduct Stakeholders Mapping and Needs Assessment,,0,,
"Call for Consultancy Service - TO CONDUCT TOT ON “ADULT FACILITATION SKILL” FOCUSING ON CONSERVATION AGRICULTURE TRAINING FOR AGRICULTURE EXPERTS IN OROMIA REGIONS, ETHIOPIA",,0,,
Call for Consultancy Service To prepare Disability Inclusive WASH SBC Materials in Different Formats,,0,,
Call For Consultancy Service to Support The Ethiopian CSO’s Joint Submission For The 2024 UPR,,0,,
"Call for Consultancy Study on Cultural Identity, Intersectionality, and Gender In the Somali Regional State, Ethiopia",,0,,
Call for consultancy- to develop context specific community conversation facilitator guide for child eye health program,,0,,
Call for Consultancy: To facilitate need – based capacity building training on thematic area related to Youth Care Leavers for the social service workforce,,0,,
Call for Consultants – Development & Production of Project Best Practice Document,,0,,
Call for experienced freelancers and experts (individuals or teams) in the creative industry!,,0,,
Call for External Auditor TERMS OF REFERENCE FOR GUASSA PROJECT AUDIT OF KKSGRANT FUND,,0,,
Call for External Audit service for an International Auditor and/or Audit Firm,,0,,
Call for External Gender Expert Consultant,,0,,
Call for HMIS Assessment Consultant,,0,,
Call for Individual Consultant for MINE Project Sentinel Surveillance Assignment,,0,,
Camera man and photho editor .good skill on adobe phothoshop and adobe prime,,0,,
Camera man and social media officer,,0,,
Camera women with her own 5D MARK III / IV Camera,,0,,
Camp & Facility Head,,0,,
Campus Research and Community Engagement Head,,0,,
Candidate Engagement and Partnership Coordinator,,0,,
Candidate Engagement and Partnership Manager,,0,,
Candidate Engagement and Partnership Officer,,0,,
Canva designer,,0,,
Capacity Building Assistant,,0,,
Capacity Building Lead,,0,,
CAPI Household Listing Operation (CHLO),,0,,
CAPI Main & Parallel Surveys (MPS),,0,,
Card Personalization Services Officer I ( Contract 5 Months ),,0,,
ሞግዚት (caregiver ),,0,,
"Carton boxes printing, folder gluer machines operator or assistant",,0,,
Carton Factory Manager,,0,,
"Cartons boxes printing, folder gluer machines operator OR Assistant carton boxes and folder gluer machine operator.",,0,,
ጉዳይ አስፈፃሚ/Case executive,,0,,
Cash and Voucher Assistance Information Management Officer (Re-Advertised),,0,,
CASH-BASED INTERVENTIONS TECHNICAL ADVISOR (Re-advertisement),,0,,
Cash Digital Systems Business Unit Head,,0,,
Cashier + stock controller,,0,,
Cashier using cenet software,,0,,
"Cash, Market & EWEA Technical Advisor",,0,,
Cash Transfer Programming Manger - (Re-advertisement),,0,,
Castle entertainment internet cafe,,0,,
CBE agent,,0,,
ለ cbe birr ኦፕሬተርነት,,0,,
CBE birr ኤጀንት,,0,,
C++ Blender Unity Revit Developer,,0,,
CCM/E Engagement & Coordination Officer,,0,,
CCNP data center management,,0,,
CCR Operator,,0,,
CCTV and Access Control Installer,,0,,
CCTV Camera and Networking Expert,,0,,
CCTV/Security Camera Operaror,,0,,
CDT-Africa Postdoctoral Positions,,0,,
Center Head,,0,,
Center Lead- SRH center,,0,,
Central control system operetor,,0,,
Central Data Processor,,0,,
Centralized Endpoint & Server Management and automation Consultant,,0,,
Central Lab Advisor (1),,0,,
Ceremony Quality Evaluator Team Leader (Re-Advertised),,0,,
Certified content provider and translator for VAS company,,0,,
Certified Free Google Digital Skills,,0,,
Certified High School Teachers with access to internet needed for short project,,0,,
CESP (Community Engagement and Sponsorship Program Officer),,0,,
Chairman's & Group CEO's Office Head,,0,,
Change Management Expert,,0,,
Changing word document font to Unicode font,,0,,
Channel Admin,,0,,
Character animations on Adobe aftereffects,,0,,
ChartJS Expert,,0,,
Chemical Preparer and Formulator,,0,,
Chief laboratory,,0,,
"Chief of Party, Civic Engagement Activity",,0,,
Chief of Party (COP),,0,,
"Chief of Party, Ethiopia Empowered Communities Activity",,0,,
Chief Strategy and Growth Officer (CSGO),,0,,
Chief with an article writing skill (Article writer),,0,,
Child Protection and Gender - Based Violence Prevention Coordinator,,0,,
Child Protection and Participation Project Officer,,0,,
Child Protection (CP) and GBV Zonal Program Officer,,0,,
Child Protection in Emergencies (CPiE) and GBV Zonal Program Coordinator,,0,,
Child Protection in Emergencies (CPiE) and GBV Zonal Program Coordinator,,0,,
Child Protection in Emergency Officer,,0,,
Child Protection Specialist (AoR Coordinator) – UNICEF,,0,,
Chinese Language Operator,,0,,
Chroma Keyer and Clean Up Artist,,0,,
Chrome Extension developer,,0,,
Circuit Design and Assembly,,0,,
Citizenship and Moral Education Teacher,,0,,
Citizenship & Social Studies Teachers,,0,,
Civic and Ethical Education Teacher,,0,,
Civic and Voter Education (CVE) Campaign Expert,,0,,
Civics PVA & C.T.E Teacher,,0,,
Cleaner and Ceramic Tile Joint Filler,,0,,
Cleaner & Messenger,,0,,
Clearing and Reconciliation Officer,,0,,
Cloth desgin teacher,,0,,
Cloud Test and Operations Engineer,,0,,
Club / Lounge DJ,,0,,
Cluster Apiculture Development Officer,,0,,
Cluster Coordinator R4 Project,,0,,
Cluster Finance and Operations Officer,,0,,
Cluster & Forum Coordinator,,0,,
CMAM SUPERVISOR,,0,,
CNC machine bed designs 2d and 3d,,0,,
Cnc machine expert,,0,,
CNC Machine Operator & Designer,,0,,
"COC trainer Accounting level 2, 3 and 4",,0,,
Codeigniter and Ionic Frame work Developer,,0,,
Coder and Content Creator Paid Internship,,0,,
Coding Instractor,,0,,
Co facilitator and Observer,,0,,
Coffee Marketing and Livelihood Facilitator,,0,,
Coffee Washing Station Head,,0,,
"Collaborating, Learning, and Adapting (CLA) Director, USAID Ethiopia Resilience Learning Activity (RLA)",,0,,
"Collaborating, Learning and Adapting (CLA) Lead",,0,,
"Collaborating, Learning and Adapting (CLA) Specialist",,0,,
Collaboration Solutions Engineer,,0,,
Collateral Registration Officer (Head Office),,0,,
Collateral Valuation Expert - Mechanical Engineer,,0,,
Collection and Disbursement head,,0,,
College application and customer service,,0,,
Comercial Department Assistance,,0,,
Comic book story developer (Afaan Oromo),,0,,
Commercial Manager at Terra LAB,,0,,
Commercial Services Lead- Maternity Network,,0,,
Commission Based Intern Program,,0,,
commissioning business biology/chemistry,,0,,
Commodity and Compliance and Monitoring Officer,,0,,
Commodity & Logistics Team Lead FO,,0,,
Commodity Reporting and Systems Tracking Senior Officer (CRSTO),,0,,
Common App Essay Writer,,0,,
Communication and Advocacy Senior Expert,,0,,
Communication and public relation voluntary,,0,,
Communication Lead,,0,,
Communication Officer Intern (Unpaid Internship),,0,,
Community Accountability Reporting Mechanism (CARM) officer,,0,,
Community Based Facilitators (CBF) – Agriculture,,0,,
Community Based socio-therapy (CBS) Project Officer,,0,,
Community Contact & Feedback Operator Afan Orormo-4 months maternity cover,,0,,
Community Development Facilitator (CDF)- for Sustainable Food Security Project,,0,,
Community Engagement & Development (CED) Officer- Maternity Cover,,0,,
Community Engagement Facilitators,,0,,
Community Mobilization and Surveillance Specialist,,0,,
"Community Mobilizer, EHF Project /Afar region, Teru Woreda",,0,,
Community Mobilizer – Mental Health and Nutrition Team (MHNT) Reports to Medical Officer,,0,,
Community Nutrition Emergency Preparedness and Response Advisor,,0,,
Community Wellbeing Initiative (CWI) Manager,,0,,
Compacting Equipment Operator D.2,,0,,
Company Logo,,0,,
Company Messenger,,0,,
Company Messenger & Outdoor Sales,,0,,
Company model and marketers,,0,,
Company profile creator,,0,,
company stationary design and printing,,0,,
Compensations and Benefits Head,,0,,
"Compliance, Risk and Grant Manager (BRIDGES Programme)",,0,,
Compliant and Feedback Mechanism Intern.,,0,,
Compound director,,0,,
Compressor Techinician,,0,,
የ Computer ጥገና,,0,,
Computer program Developer on mern stac,,0,,
Computer Science Virtual Assistants,,0,,
COMSOL Multiphysics Modeling Software Professional,,0,,
Concert Baching Plant Mechanic,,0,,
Concrete Batching Plant Electrical System Technician,,0,,
Concrete Batching Plant Mechanical Systems Technician,,0,,
Concrete Batching Plant Operations Manager,,0,,
"Conflict and Peacebuilding Lead, CSSPII Project",,0,,
Conflict Transformation & Gender Advisor,,0,,
Construction Foreman (Building),,0,,
"Construction Machinery, Equipment & Maintenance Dep’t Head",,0,,
Construction site cashier,,0,,
Construction Site Forman,,0,,
Consultancy Announcement For Developing Different Organizational Manuals,,0,,
Consultancy for Graduate Tracer Study,,0,,
Consultancy for Violence Against Women and Girls (VAWG) and Gender Norms Analysis,,0,,
Consultancy Opportunity for Technical Assistance Under the PEMS funded Ethiopia hotspot,,0,,
Consultancy - Reviewing Safety and Security Plans and Developing Safety and Security Management System - Ethiopia,,0,,
Consultancy service - Developing Self- assessment Framework and Assisting the Process of Ranking Businesses,,0,,
Consultancy service for Intersectional Gender Analysis,,0,,
Consultancy Service for M&E System Development [DHIS2],,0,,
"Consultancy Service for Zero Energy ""Drum Pump"" Design and Prototype Development",,0,,
Consultancy Services for Assessing Current Store Management Practices and Developing an Effective System,,0,,
Consultancy Service to Assess the Implementation of Youth Centric Product (YCP) and to Deliver Capacity Building Support for Partner MFIs,,0,,
Consultancy service to develop CSO policies,,0,,
Consultancy to Conduct Baseline Survey,,0,,
Consultancy to do Assessment on Supply-Demand Gap Analysis of Financial Service Providers,,0,,
Consultancy to run a KAP Survey in Gambella Town,,0,,
Consultant Facilitator for Enhanced Access to Digital Financial Services (DFS) for women in Ethiopia,,0,,
Consultant for Cold Chain Management Specialist-COVID 19 Vaccines (Ahmara Region),,0,,
Consultant for Supporting Acceleration Plan,,0,,
Consultant for Warehouse and Distribution Specialist -Arbaminch EPSS,,0,,
CONSULTANT- Healthy Ageing Country Pilot Project Final Evaluation,,0,,
Consultant to Review MHPSS Curriculum on Trauma-Informed Interventions,,0,,
Consulting Firm/Freelance Consultant Who Can Develop Policy Brief and Fact Sheets on Gender Responsive Budgeting in Ethiopia,,0,,
"Consumer, Market Insight and Innovation (CMI) Manager",,0,,
Consumer Sales Territory Manager,,0,,
Contact in person at the Restaurant located around Sar bet,,0,,
Content Creation Intern,,0,,
content creator,,0,,
Content Creator / የኮንተንት አዘጋጅ,,0,,
Content Creator and Copywriter,,0,,
Content creator and customer care / chat,,0,,
Content Creator and Social Media,,0,,
Content Creator for National Exam,,0,,
Content creator for social media,,0,,
Content Creator & Researcher,,0,,
content creators,,0,,
Content Design,,0,,
Content Organizer & Data entry,,0,,
Content provider needed,,0,,
Content Research & Writing Associate,,0,,
Content Writer and Social Media Manager,,0,,
Content Writer for social media including Blogs/websites and Proposal Writer,,0,,
Content Writer for social media including Blogs/websites and Proposal Writer Intern,,0,,
Content Writer/paid internship,,0,,
Content Writer with IT background.,,0,,
Content writer with Social media marketing skills,,0,,
CONTEST TO CREATE WEB VIDEO PROCESSING,,0,,
Continuous Improvement Assistant,,0,,
Contract Formulation Division,,0,,
Contract Scrum Master,,0,,
Contrat rent,,0,,
Controller I (Branch),,0,,
Coputer skill tutorial,,0,,
Copy bet / stationary attendant,,0,,
Core Banking and Agent Banking Division,,0,,
Core Banking System Support and Implementation Engineer,,0,,
Corporate Intern at Rework Inc Business and Investment Consulting plc,,0,,
Corporate MIS and Reporting Officer,,0,,
Corporate Siinqee Ihsan Appraisal Officer II,,0,,
Corrugation Foreman,,0,,
Cost and Budget Head,,0,,
Cost and schedule Engineer,,0,,
Cost-Benefit Analysis of Climate,,0,,
Cost Control Engineer,,0,,
Cost Recovery Officer,,0,,
Cotm engineering,,0,,
Counseling and Insurance Executors Matters,,0,,
Counselor – Mental Health and Nutrition Team (MHNT),,0,,
Country Director - Ethiopia,,0,,
Country Logistic Coordinator,,0,,
"Country Monitoring, Evalution and Learning (MEL) Manager",,0,,
Coupon manager,,0,,
Coustmer care,,0,,
COVID-19 Vaccine Advisor,,0,,
CP and EiE Officer,,0,,
CP and GBV Officer,,0,,
CPD Coordinator/Director,,0,,
CP/GBV Assistant,,0,,
CPiE Officer BHA project,,0,,
CPIMS Assistant,,0,,
CPIMS Coordinator,,0,,
Creative Desinger,,0,,
Creativity and Marketing Virtual Intern,,0,,
Credit Follow-up Officer II,,0,,
Crisis Response Team Lead,,0,,
Crocheter/ ጥልፍ ስራ ባለሙያ,,0,,
Cross Promoter on Social Medias,,0,,
Crusher Mechanic,,0,,
Cryptocurrency for birr,,0,,
Cryptocurrency Researcher,,0,,
cryptographer,,0,,
Crypto/NFT Researcher Assistant,,0,,
CSO (Customer Support Officer),,0,,
CS Rep.,,0,,
CSR Manager,,0,,
Css/html/tailwind developer,,0,,
CTO & Software Engineer,,0,,
C++ Trainer,,0,,
Curing Specific Gravity and Sampler,,0,,
Currency Management Division Manager,,0,,
Curriculum builder for mobile maintainance training,,0,,
"Curriculum, Materials Development, Module Production & Distribution Head",,0,,
"Curriculum, Module Production & Distribution Head",,0,,
Curtain storekeeper(megareja bet ),,0,,
Customer Accounts and Due Diligence Officer,,0,,
Customer Data Follow Up and Anti-Money Laundering and CTF Account Management Senior Officer,,0,,
Customer Onboarding Specialist,,0,,
Customer Service Officer - Addis Ababa,,0,,
Customer Service Paid internship,,0,,
Customer Service that will also do the cleaning part,,0,,
Customer Support with Good Computer Skills,,0,,
Customer Support/ WordPress Admin,,0,,
Custom Logo Designer,,0,,
Custom Microphone Isolation Shield Developer,,0,,
CVE Training Expert,,0,,
Cvics teacher,,0,,
CWG Coordination Support Lead,,0,,
CW Site Supervision / Survey and design,,0,,
"CX Agent (French, German, Spanish or Italian)",,0,,
Cx and technical support agent,,0,,
CxCa screening and management program central advisor,,0,,
Cyber Cafe Assistant,,0,,
Dasanach and kwegu language translator,,0,,
Dashboard Admin/Software Operator,,0,,
Database and MIS Section Head,,0,,
"Database Expert (MySQL, Sequelize, Replication, Node.js)",,0,,
Databricks certified associate practice question,,0,,
Data Ccollector,,0,,
Data Clark,,0,,
Data collection and Post monitoring,,0,,
Data Collection & Decoding for Civil Engineering graduate,,0,,
Data Collection for Research,,0,,
Data Collector/Enumerator,,0,,
Data collector for MSc project,,0,,
Datacom senior Engineer (IPRAN/IPCORE Expert),,0,,
Data-com Senior Solution Manager,,0,,
Data/Content Collector,,0,,
Data Encoder and Cashier,,0,,
Data Encoder and marketing specialist,,0,,
Data encoder / content writer,,0,,
Data Encoder / Documentation Officer,,0,,
Data Encoder Plus Software Engineer,,0,,
Data encoder & Sales,,0,,
Data encoders and trainers for pharmacy inventory management system,,0,,
Dataencoder/secretary,,0,,
Data encoder with graphics knowledge,,0,,
Data encoding,,0,,
Data entry and analysis with SPSS version 21,,0,,
Data entry and System controller,,0,,
Data Entry/Encoding Temporary Position,,0,,
Data entry for cosmetics store (only female),,0,,
"Data Entry, Management and ReportGenerating Website Developer",,0,,
Data Feeder/Encoder,,0,,
Data Manager - Digitization Expert /ODK/ SurveyCTO,,0,,
Data organizer,,0,,
DBA & MIS Officer,,0,,
Declarent/Assocer,,0,,
Defense & Advisory Division Head,,0,,
Delivery Car for startup business,,0,,
"Delivery Unit Analyst, Regiona BoA Delivery Unit ( Addis Ababa",,0,,
Demand Generation Specialist,,0,,
department cafe FOOD preparation and serving,,0,,
Deploying a flutter app on App Store,,0,,
Deploying on AWS,,0,,
Deployment of Regional MHPSS Personnel,,0,,
Deposit Mobilization Officer,,0,,
Deputy CEO - Healthcare Facility,,0,,
Deputy Chief of Party (DCOP),,0,,
"Deputy Chief of Party (DCOP), BHA Rapid Response Mechanism (RRM) Project",,0,,
"Deputy Chief of Party, Disaster Risk Management - Proposal recruitment",,0,,
"Deputy Chief of Party: Monitoring, Evaluation, and Learning (DCOP/MEL)",,0,,
Deputy Director- IFB Financing and Investment,,0,,
Deputy Director-IFB Operations and Resource Mobilization,,0,,
Deputy GBV Program Manager - Gambella,,0,,
Deputy Head of Finance,,0,,
Deputy Head of Food Security and Livelihoods,,0,,
Deputy Managing Director- Commercial Operation (DMD-Com),,0,,
Deputy WASH Head of Department,,0,,
Dermatologist Instructor for Aesthetics and Skin Care,,0,,
Design and social media management,,0,,
Design & Contract Unit Senior Advisor,,0,,
Design Engineer on Structured Cabling Systems and ELV Systems,,0,,
Desktop application developer (internship),,0,,
Detsuch(germany) teacher,,0,,
deutsch (germany) teacher,,0,,
Develop lant simulation model using ARENA simulation software,,0,,
Developmental Evaluator Lead - Health and Education & Youth,,0,,
Development of Policy Monitoring and Analysis Tool,,0,,
DevOps Expert,,0,,
DFS Area Manager,,0,,
DFS Field Officer,,0,,
DHIS2 Database Manager and System Developer,,0,,
Dialysis Nurse,,0,,
Digetal sales person,,0,,
Digital and Fintech Service Manager,,0,,
Digital and Social Media,,0,,
Digital banner operator,,0,,
Digital BDS Manager,,0,,
digital file transfer,,0,,
Digital Finance Project Lead,,0,,
Digital Image Processing/QR code application,,0,,
Digital Innovation Hub /DIH Officer,,0,,
Digital logic design tutor,,0,,
Digital markating and sales,,0,,
Digital Marketing and Promote Hypermarket in Social Media,,0,,
Digital marketing with online payment access,,0,,
Digital Media & TV Show Host (Personality),,0,,
Digital Share Sales & Resource Mobilization Expert,,0,,
Digital video and photo professional editors who can speak Somali Language.,,0,,
"Dimensional Stones Production Input Materials Planning, Procurement & Control Expert",,0,,
"Directorate of Corporate Finance Director 
 (የኮርፖሬት ፋይናንስ ዳይሬክቶሬት ዳይሬክተር)",,0,,
Director - Database Management & Analytics Department,,0,,
"Director, Digital Agriculture, and Rural Finance Program",,0,,
Director-Digital Banking,,0,,
Director- Engineering Services,,0,,
"Director, Evidence and Learning",,0,,
Director for KG students and Main teacher,,0,,
"Director for Learning, Advocacy, and Change, USAID Ethiopia Resilience Learning Activity (RLA)",,0,,
"Director, IT Application & Program Management Department",,0,,
Director-IT Security,,0,,
"Director, NGOs, International Institutions and Diaspora Banking Department",,0,,
"Director, Non-Interest Operations Department",,0,,
Director of Analysis Research and Learning (DARL),,0,,
"Director of Analysis Research and Learning (DARL), Ethiopia Sustainable Peace Activity",,0,,
Director of F&B,,0,,
"Director of Finance and Operations, Various Upcoming USAID-Funded Programs",,0,,
Director of Inclusive Economic Growth,,0,,
"Director of Programs, Ethiopia",,0,,
"Director, Partnership and Field Implementation",,0,,
"Director, Post-Tension Construction",,0,,
"Director, Research, Community Service and University Industry Linkage Office",,0,,
"Director, Underwriting & Branches Operations",,0,,
Disability and Inclusion Officer,,0,,
Disbursement & Collection Division Head,,0,,
"Disbursement ,Collection & Follow Up Division Head",,0,,
Disbursement Section Head,,0,,
Dish Maintenance,,0,,
"Disposable Product (Food box, Cups, Spoon, Fork) Retailers and Distributors",,0,,
Dispute and Reconciliation Officer,,0,,
District Credit Analysis and Appraisal Officer,,0,,
District Credit Analyst to Addis Ababa District Office - Re-advertised,,0,,
District Credit Recovery Officer for Jimma District Office,,0,,
District IFB Business Manager,,0,,
District Junior Auditor,,0,,
District Program Officers,,0,,
District Talent Acquisition Officer,,0,,
District TB Officer (DTO) for TB Project from Expertise France,,0,,
District Valuator (Maker/Checker),,0,,
District Valuator -Maker-Checker,,0,,
"Division Head, Cost & Budget Control",,0,,
"Division Manager, Share Sales Project",,0,,
Division Vice Director,,0,,
Dj,,0,,
Django and Angular developer,,0,,
Django and React developer,,0,,
Django Backend Developer,,0,,
Django programmer,,0,,
Django Rest Framework developer,,0,,
Django Vue js and REST API developer,,0,,
Django Web developer,,0,,
DJ / music mix,,0,,
አስመጪና ላኪ documentation,,0,,
Documentation Specialist for a Visa Consultancy,,0,,
documentation specialist for foreign employment agency,,0,,
Document Controller,,0,,
Document Custodian - Archive,,0,,
Document design,,0,,
Doing the finishing of a website and application,,0,,
Doodle Video Creator Freelance,,0,,
Door to Door business sales Agent (B2B),,0,,
Doortodoor marketing internship(unpaid internship),,0,,
Dot net desktop app and windows service developer,,0,,
Double Facer Machine Operator,,0,,
DQI & DU Mentor,,0,,
Drafting and BOQ expert,,0,,
Drafting contracts,,0,,
Drinking Cocktail Specialist,,0,,
Drone for rent,,0,,
Dropshipping Expert(Shopify),,0,,
"DSG, Membership Affairs & Communication",,0,,
DTM Database Assistant,,0,,
Dump Truck contract work,,0,,
Durable Solutions Analyst – Programme Management & Operations,,0,,
Durable Solutions Specialist,,0,,
Duty Free Representative Salesperson Airport,,0,,
DVM Officer I,,0,,
"Eagle point, Auto cad & Arci cad (part time) teacher",,0,,
EAR Assistant Finance Director – World Vision Ethiopia,,0,,
Earth work Foreman,,0,,
Earthwork Superintenden,,0,,
E-Banking Settlement & Reconciliation Officer I,,0,,
Ebirr operators,,0,,
Ecommerce App developer(Flutter),,0,,
Ecommerce Technology Expert,,0,,
Ecommerce website and app developer,,0,,
Ecommerce Website Seo Expert,,0,,
Econometrics,,0,,
Econometrics analysis,,0,,
Econometrics Tutor,,0,,
ECSO Council Secretariat Director,,0,,
ECX Purchase Officer,,0,,
ECX TRADING EXPERT,,0,,
Educational and promotional video Host,,0,,
Education & Visa Consultancy Manager,,0,,
efficient c++ programmer,,0,,
EHS Manager,,0,,
Election Dispute Resolution (EDR) Expert,,0,,
Election Operation Desk Expert,,0,,
Electrical and Automation maintenance Section head,,0,,
Electrical design tutorial,,0,,
Electrical industrial plan design for Ethiopia Electric power corporation.,,0,,
Electrical Section Head,,0,,
Electric motor rewinding technician,,0,,
Electro- Mechanical Assistant Section Head,,0,,
Email Creator,,0,,
"Email marketer, Blog writer",,0,,
EMA IRB Secretary,,0,,
Emergency Health and Nutrition Project Coordinator – Mental Health and Nutrition Team (MHNT),,0,,
Emergency Refugee Camps Accessibility Audit Works,,0,,
Emergency Woreda Coordinator & GBV Officer,,0,,
Employability and Life Skills Trainer,,0,,
"Employability, skills development and training officer",,0,,
"Employee Relations, Training and Development Lead",,0,,
EMPOWERMENT AND BDS PROVIDERS,,0,,
Enabling environment and partnership manager/Lead,,0,,
Engagement Monitoring Specialist,,0,,
Engineer and Collateral Valuator( Civil),,0,,
Engineering Foreman,,0,,
ENGINEERING & MENTENANCE HEAD / TECHINC HEAD,,0,,
Engineering Services Division Head,,0,,
Engineer STTA,,0,,
,,0,,
English Narrator,,0,,
English to Amharic legal Translators,,0,,
English to Amharic YouTube Video Script Translator,,0,,
English videos translator,,0,,
English voice actor,,0,,
English Voiceover /Male / Middle aged American voice,,0,,
English YouTube and TikTok teacher,,0,,
Enhancing the rule of law to develop gender equality,,0,,
Enterprise Network Service Team Lead,,0,,
,,0,,
Entrepreneurship and Financial inclusion Officer,,0,,
Entrepreneurship Program,,0,,
Entrepreneurship Training of Trainer (ToT) Expert for BMOs,,0,,
Enumerators and Supervisors (24),,0,,
Environmental and Social Governance/ Impact Reporting,,0,,
Environmental impact assessment,,0,,
E-Payment Officer II,,0,,
Epidemiologist for Trachoma Elimination Program,,0,,
epoxy teacher,,0,,
Equipment Admin Head,,0,,
Equipment Admiration & Maintenance Div. Head,,0,,
Equipment & Plant Maintenance Division Head,,0,,
"Equipment Utilization, Evaluation and Control Officer",,0,,
ER and Compensation Specialist,,0,,
ERP Data Encoder,,0,,
ERP developer with Microsoft Power Apps,,0,,
ERP developer with ServiceNow and Odoo platform,,0,,
ERPNext Developer,,0,,
ERP Procurement : Implementation Project Manager,,0,,
ERP Roll out implementation Function Intern,,0,,
Ertib bet serategna,,0,,
ES/NFI Cash Assistant,,0,,
ES/NFI Officer,,0,,
ESNFI Officer,,0,,
Esports highlights creator (video editing),,0,,
Esthetic Teacher/ክይን ጥበባት መምህር,,0,,
Ethics and Anticorruption Officer,,0,,
Ethics Monitoring Department Manager,,0,,
Ethiopia Electric Utility Interface Coordinator,,0,,
"Ethiopia Health, Safety and Security (HSS) Specialist",,0,,
Ethiopia HR and Finance Coordinator,,0,,
Ethiopia IT Support Officer,,0,,
Ethiopian and European dish cook,,0,,
Ethiopian history content writer,,0,,
Ethiopia Office and Culture Coordinator,,0,,
Ethiopia Program Innovation and Fundraising Lead,,0,,
Ethiopia Research and Evaluation Analyst,,0,,
Ethiopia Resilience Measurement Consultant,,0,,
Ethiopia TA Food Environment Officer,,0,,
"Ethiopia TA Food Processing, Safety, and Quality Specialist - Livestock",,0,,
Ethio telecom vas service,,0,,
ethitelecom payment API integration,,0,,
Evaluator for a research paper,,0,,
EVD agent (in bulk),,0,,
EVD developer,,0,,
EVD electronic mobile cards retailers,,0,,
EVD Sales & Marketing Supervisor,,0,,
Event Ambassadors and VIP Hosts,,0,,
event decor and catering,,0,,
Event Decor and sound system,,0,,
Event decoration employees,,0,,
Event Decoration Trainer,,0,,
Event Executive and Insight Developer,,0,,
Event Live Streaming Production Technician,,0,,
Event Organizing and Promoting,,0,,
Event organizing and social media marketing,,0,,
Event Planner/ Organizer,,0,,
Excel VBA Expert,,0,,
Exciting opportunity as Country Consortium Coordinator for disability rights project,,0,,
Excutive secreatery,,0,,
"Executive Assistant and Board Secretary to HMA, DHM and DPR to AU x 3 (33/23 ADD)",,0,,
Executive Director of ECSOC,,0,,
Executive Director of Strategy and Innovation,,0,,
Executive English content writer,,0,,
Executive Office Assistance and Translator,,0,,
Exihibition Sales,,0,,
Expeditor and Maintenance Service Assistant,,0,,
Expeditor/Guday asfetsami,,0,,
EXPERIANCED MERN STACK DEVELOPER,,0,,
Experianced Outdoor Sales,,0,,
Experianced Phyton Developer,,0,,
Experienced amharic transcriber,,0,,
Experienced Angular developer.,,0,,
Experienced Angular Developer,,0,,
Experienced Angular Front end developer,,0,,
Experienced Author,,0,,
Experienced ERPNext Implementer,,0,,
Experienced Flutter Developer,,0,,
Experienced Frontend developer with Angular,,0,,
Experienced frontend react developer,,0,,
Experienced Full Stack developer needed,,0,,
Experienced Gitlab technician,,0,,
Experienced Grants & Business Proposal Writer,,0,,
Experienced Internet café Attendant,,0,,
Experienced Java and Spring Developer,,0,,
Experienced Laravel and Full stack Developer,,0,,
Experienced Laravel Developer,,0,,
Experienced Layout Designer (InDesign),,0,,
Experienced marble and granite Sales,,0,,
Experienced Nodejs developer,,0,,
Experienced Odoo ERP consultant,,0,,
Experienced Python Developer,,0,,
Experienced Radio & TV Commercial Scriptwriter,,0,,
Experienced React Developer,,0,,
Experienced React freelancers wanted,,0,,
Experienced React Js and Node Js developers,,0,,
Experienced React Native Developer,,0,,
Experienced ReactNative Expo Developer,,0,,
Experienced Springboot Developer,,0,,
Experienced telegram bot developer,,0,,
Experienced Visa Applicant,,0,,
Experienced Vue Js and Nuxt Js Developer,,0,,
Experienced VueJs + Node JS (Loopback 3) Developer,,0,,
Experience Laravel Programmer,,0,,
Expert both In Flutter & UI design,,0,,
Expert in Bamboo Works (የቀርከሃ ባለሙያ),,0,,
Expert in CNC Carving/Works (የCNC ባለሙያ),,0,,
Expert in Node js and MySQL,,0,,
Expert in UI and flutter,,0,,
Expert Level ReactNative Developer,,0,,
Expert Next.js Developer,,0,,
Expert Node JS Developer,,0,,
Expert ReactNative developer,,0,,
Explosive Ordnance Risk Education Facilitators,,0,,
Expo and Bazaar Assistant,,0,,
Export Division Head,,0,,
Export Division Manager,,0,,
Export Documentation Junior Expert,,0,,
Export Finance Head,,0,,
Export Sales Team Leader,,0,,
Expression of Interest for Payroll Software,,0,,
External and internal sales person,,0,,
External Audit,,0,,
External Real estate sales,,0,,
Eye-Health Senior Technical Specialist,,0,,
የሴቶች የውበት ሳሎን የጥፍርና የEyelash ባለሞያ,,0,,
Fabricator (ማሽን ሰሪ),,0,,
FAÇADE & GRAPHIC DESIGN EXPERT,,0,,
Facebook Ad Design,,0,,
"Facebook ad, Google ad and ASO Expert",,0,,
Facebook and instagram account fixer,,0,,
Facebook Boost Manager,,0,,
Facebook Comments Specialist,,0,,
Facebook & Instagram ads promoter,,0,,
Facebook Marketplace Seller,,0,,
Facebook page Ad feedback,,0,,
Facialist,,0,,
Facilitate Custodian,,0,,
Facilitate Custodian/Cleaner,,0,,
Factory Finance Lead,,0,,
Factory labor,,0,,
Factory Planning Executive II,,0,,
Factory & Quarry Spare Parts Procurement,,0,,
Factory & Quarry Spare Parts Procurement and Control Expert,,0,,
F and B controller and restaurant supervisor,,0,,
የምግብና መጠጥ መስተንግዶ ሱፐርቫይዘር (F and B Supervisor),,0,,
Farm Capo,,0,,
Farm Forman,,0,,
Fashion Designer Show Room Sales,,0,,
Fast English & Amharic Typist,,0,,
ምግብና መጠጥ ቁጥጥር (f&b control),,0,,
F & B controller,,0,,
የሆቴል ማናጀር F&B ማናጀር House keeping ማናጀር ሪሴፕሽኒስት,,0,,
FCDO Programme and Partnership Advisor (supported Project of BRC/NLRC TA),,0,,
FCRM Itern,,0,,
Feasibility report/Marketer,,0,,
Feasibility study and private sector development researcher,,0,,
Feasibility study Expert,,0,,
Admin Secratary,,0,,
Intern IT Officer,,0,,
Internship Program,,0,,
model for a tv ad,,0,,
FEMALE OFFICE TO OFFICE OUT DOOR SALES REPORESENTATIVE,,0,,
FEMALE OFFICE TO OFFICE OUT DOOR SALES REPRESENTATIVE,,0,,
Typist and Banner Designer,,0,,
FFMPEG developer,,0,,
Fiber Optic And Transmission Manager,,0,,
Fiber Optics installation work,,0,,
Fiber Optics Rigger,,0,,
Fiber Splicer,,0,,
Field Agents for Financial Literacy and VSLA Promotion (2),,0,,
Field auto mechanic,,0,,
Field camera man,,0,,
Field Facilitators,,0,,
FIELD FINANCE POSITIONS - ROASTER,,0,,
Field GBV Program Manager/Gambella,,0,,
Field Marketing and Sales For Software Company,,0,,
Field mechanic,,0,,
Field Monitor Assistant,,0,,
Field Office Gender Officer,,0,,
Field Program Implementation Lead,,0,,
Field Promotional Sales,,0,,
Field Research Facilitators and Coordinators,,0,,
የ መስክ ሽያጭ/ Field sales,,0,,
Field Sales and Project Section Head,,0,,
Field Sales Force,,0,,
Field Sales for Download Application,,0,,
Field transitor,,0,,
Field work Supervisor-Livelihood,,0,,
Fighting Inequality Program Manager,,0,,
file decompileing,,0,,
Filed sales person,,0,,
Filling Operator,,0,,
Filling out embasssy form and appointment,,0,,
Film Producer's Personal Assistant/Social Media Manager (Female Applicants only),,0,,
Final bsc thesis project assistant,,0,,
Final Transformers Assembly & connection Supervisors & Technicians:,,0,,
የሂሣብ ባለሙያ (finance),,0,,
"Finance and Compliance Manager, Ethiopia Sustainable Peace Activity",,0,,
Finance and Grant Lead,,0,,
Finance and Inventory Control,,0,,
"Finance Assistant Ada’a, Ethiopia",,0,,
Finance Data Encoder,,0,,
"FINANCE & GRANTS SPECIALIST (SUB-AWARDS) – HIGHLANDS RESILIENCE ACTIVITY: ADDIS ABABA, ETHIOPIA",,0,,
"Finance, HR Administrator and Receptionist Location: Lambret area, Addis Ababa, Ethiopia Salary: Depending on skills and experience Responsible to: Finance Manager Responsible for: Administration of Green Scene financial accounting processes, HR functions and reception service.",,0,,
Finance & Investment Division,,0,,
Finance Lead,,0,,
Finance Lead for USAID/LEGO CDA,,0,,
Finance Officer Hawassa Area Implementation Office,,0,,
Finance Officer-Sub Recipient Compliance & Capacity Building,,0,,
Finance/Procurement Facilitators (Parttimers),,0,,
Finance Section Head,,0,,
Financial Inclusion and Livelihood Specialist,,0,,
FINANCIAL INCLUSION TECHNICAL SPECIALIST- HIGHLANDS RESILIENCE ACTIVITY,,0,,
Financial Markets Lead,,0,,
Financial Planer Intern/Volunteer,,0,,
Financial projection for a startup(Internship),,0,,
Financial Service for the Poor Technical Lead,,0,,
Financing Analysis & Appraisal Officer II,,0,,
financing and purchasing,,0,,
Finding sponsorship for radio program,,0,,
Finished Good Store /Outbound/ Officer - Akaki Kality,,0,,
Finished Goods Warehouse Division Manager - Re-Advertised,,0,,
Finishing Construction Forman,,0,,
Firebase expert,,0,,
Fixed Asset & Inventory Accountant,,0,,
Fleet and Transport Section Head,,0,,
Fleet/logistic and supply chain coordiator,,0,,
Flood discharge estimation and 2D flood flow path analysis,,0,,
የወለል ንጣፍ ስራ አሰልጣኝ (Floor tilling trainer),,0,,
Flutter and Android Developer,,0,,
Flutter and App Developer,,0,,
Flutter and firebase developer,,0,,
Flutter and laravel dev,,0,,
Flutter and MERN stack developer,,0,,
Flutter and nodejs developer,,0,,
Flutter and Nodejs Intern Developers,,0,,
Flutter and php developer,,0,,
Flutter and Web Application Developer,,0,,
Flutter app developer android and java,,0,,
Flutter App Developer with Admin panel,,0,,
Flutter App Development Intern,,0,,
Flutter app migration,,0,,
Flutter backend developer,,0,,
Flutter bug fix for ios,,0,,
Flutter developer Company: Rica Technology,,0,,
Flutter Developer Expert,,0,,
Flutter developer for Advanced project,,0,,
flutter developer simple task,,0,,
Flutter developer with firebase,,0,,
Flutter developer with proven experience,,0,,
Flutter Development,,0,,
Flutter ECommerce,,0,,
Flutter E commerce medical mobile app developer,,0,,
Flutter E commerce medical mobile/PC App developer,,0,,
Flutter E commerce mobile app,,0,,
Flutter Food Delivery app developer with a fast and beautiful UX/UI,,0,,
Flutter FrontEnd/BackEnd simple app,,0,,
Flutter IOS Debugging,,0,,
Flutter ios deployment,,0,,
Flutter Mobile App developer UI & UX,,0,,
FLUTTER/NEST.JS/MONGODB MOBILE FULLSTACK APP DEVELOPER,,0,,
"Flutter, nodejs, mysql, application debugging and testing",,0,,
"Flutter, Php and Wordpress developer",,0,,
"Flutter, php & mysql developer",,0,,
Flutter + Python Developer,,0,,
Flutter & React Native Developer,,0,,
Flutter senior developer,,0,,
Flutter Tester,,0,,
Flutter UI developer,,0,,
"Flutter, Vue.js and Node.js developer",,0,,
Flutter web and app developer,,0,,
flyer design,,0,,
flyer distributer,,0,,
FMCG Factory Operations Manager - Sululta,,0,,
FMCG Sourcing Specialist,,0,,
FMNR Movement Catalyst Project Manager,,0,,
Focus Group Participants,,0,,
"FOL (Fuel, Oil & lubricant) Keeper",,0,,
Follow up and onboarding agents,,0,,
food and beverage ምግብ እና መጠጥ ተቆጣጣሪ,,0,,
Food and Beverage Cost Control,,0,,
Food and Beverage Cost Control Head,,0,,
FOOD ASSISTANCE INFORMATION REPORTING,,0,,
food delivery cyclist,,0,,
"Food Fortification Specialist, Inspiring Good Nutrition Initiatives Through Enterprise (IGNITE)",,0,,
,,0,,
Food Security and Livelihood (FSL) Officer,,0,,
Food Security and Livelihoods (FSL) Programme Coordinator,,0,,
Forage Agronomy Specialist - Ethiopia (NPA),,0,,
Forage Business Development Specialist - Ethiopia (NPA),,0,,
Foreign Exchange and Diaspora Account Management Division Manager,,0,,
Foreign purchase and Planning,,0,,
Foreign Purchase and Supply chain Dept Head,,0,,
Foreign Purchase Clearing and Case Executive Officer,,0,,
Foreign Purchase Clearing and Liaison Officer,,0,,
Foreign Purchase Division Head,,0,,
Foreign purchase/Import officer and Planning,,0,,
Foreign Purchase Logistic & Liaison Officer,,0,,
Foreign Purchase Section Head,,0,,
Foreman for Blasting and Painting,,0,,
Forman and store Kepper,,0,,
France language tutorial,,0,,
Frappe and ErpNext Developer,,0,,
Freelance Flutter Developer (Remote),,0,,
sales and app trainer,,0,,
Web Scraping Script Writer,,0,,
French or Arabic Speaking Customer Service Associate,,0,,
Qualitative Research and Evaluation Manger (M/F/D),,0,,
Front desk and social media handler,,0,,
: Front Desk Reception & Sales,,0,,
Frontend and backend Developers,,0,,
Frontend Developer Intern,,0,,
Frontend / Fullstack Developer,,0,,
"Frontend Heavy Full Stack Developer (React, Node.js)",,0,,
FrontEnd JavaScript Developer,,0,,
Front End React/NextJS Developer,,0,,
Front End Remote Internship,,0,,
Front End Wed Developer,,0,,
Front End & WordPress Developer,,0,,
Front Loader Operator,,0,,
Front Office Head,,0,,
Front Office Operation,,0,,
Front Office Reporting Engineer,,0,,
Front Office Team Leader,,0,,
Front Office Team Member,,0,,
Frozen dessert and milkshake expert,,0,,
FSL Community Facilitator,,0,,
FSL Coordinator,,0,,
FSL Program Manager,,0,,
Full and half scholarship finder,,0,,
Full and half scholarship scout,,0,,
Full branding work for a company,,0,,
Full stack developer and system manager needed,,0,,
Full Stack Developer & IT Support,,0,,
FullStack Developer .Net & angularjs,,0,,
Full stack Developer (Node.JS expert ),,0,,
Full stack developer with a django framework experience,,0,,
Full stack developer with a .NET experience,,0,,
"Full Stack Developer with Flutter, MySQL, and Laravel Intern",,0,,
Full Stack Django developer,,0,,
Full stack electron js developer,,0,,
FullStackEngineer,,0,,
Full Stack Javascript Developer,,0,,
Full Stack Junior Programmer,,0,,
Full stack Laravel Developer,,0,,
Full Stack Programmer,,0,,
Full Stack senior Laravel Developer,,0,,
Full Stack Symfony Developer,,0,,
Fullstack Typescript Developer,,0,,
Full stack web app,,0,,
Full stack web development and Java tutor,,0,,
Full Stack WordPress Developer,,0,,
full stuck developer,,0,,
Full stuck website and application developer,,0,,
Office ReactNative Developer,,0,,
IT Support,,0,,
PHP or Node.js Backend developer,,0,,
Functional Literacy and Numeracy Trainer,,0,,
Fund Mobilizer Officer,,0,,
FUNDRAISING CONCEPT NOTE developer,,0,,
የገቢ ማሰባሰብ ሽያጭ ሰራተኛ /Fund Raising Sales Person/,,0,,
Furnished Apartment supervisor,,0,,
Fusing paper seller( yematariya wereket le lebs sefet),,0,,
Game zone አጫዋች,,0,,
Game zone and sport bar attendant,,0,,
Game zone pool achawach,,0,,
Game Zone Technician,,0,,
GAVI REACH Project Health Officer,,0,,
GBV and PSS Officer,,0,,
GBV AOR Co-Lead,,0,,
GBV/CARM Officer,,0,,
GBV Case Manager,,0,,
GBV-Case worker,,0,,
GBV Deputy Manager,,0,,
GBV Expert,,0,,
GBV Officer,,0,,
GBV Prevention Officer -,,0,,
GBV Program Specialist,,0,,
GBV/PSS OFFICER,,0,,
GBV Response Officer,,0,,
GBV Technical Advisor,,0,,
GCSRprogram researcher,,0,,
GDS certified Agent,,0,,
Gemstone Quality Assurance,,0,,
Gender Analysis,,0,,
Gender and Communication Adviser,,0,,
Gender and Economic Empowerment Officer,,0,,
Gender and Equality Advisor,,0,,
Gender and Inclusion Coordinator,,0,,
Gender and Livelihood Advisor,,0,,
Gender and Livelihood Specialist,,0,,
Gender and Peace Building Officer,,0,,
Gender and Protection Community Facilitators,,0,,
Gender and Safeguarding Specialist,,0,,
GENDER AND SOCIAL ACCOUNTABILITY ADVISOR,,0,,
Gender and Social Inclusion Advisor,,0,,
Gender and SRH Officers,,0,,
Gender and Youth Focal Person,,0,,
Gender and Youth Integration Officer,,0,,
Gender Based Violence(GBV) Case Worker,,0,,
Gender Based Violence (GBV) Officer,,0,,
Gender Based Violence (GBV) Prevention Officer,,0,,
Gender Based Violence (GBV) Response Officer,,0,,
Gender Coordinator (RFSA),,0,,
"Gender, Diversity and Inclusion (GDI) Advisor",,0,,
Gender Equality and Protection Advisor (GEP -Adviser),,0,,
Gender Equality and Protection Coordinator,,0,,
Gender Equality Project Specialist,,0,,
"Gender Equality, Youth Empowerment, and Social Inclusion Analysis - Consultancy Service",,0,,
"Gender Equality, Youth Empowerment, and Social Inclusion Audit and Strategy Development",,0,,
Gender researcher,,0,,
Gender Senior Officer (GSO),,0,,
Gender training module adaptation/development Improving - Primary Health Care Service Delivery Project,,0,,
"Gender, Youth and Social Dynamics Officer",,0,,
"Gender, Youth Engagement and Safeguarding Lead",,0,,
Accounts and Taxation Section Head,,0,,
Accounts Team Leader,,0,,
Data Encoder,,0,,
health tips blog content provider,,0,,
Service Division Head,,0,,
General Services Division Head,,0,,
Structural Forman,,0,,
Generator Professional,,0,,
Geo database,,0,,
Geography Teaching Assistant (Internship),,0,,
Geologiest,,0,,
Geometric | GIS.,,0,,
German language transcription and data collector,,0,,
German Red Cross Supported Projects’ Coordinator,,0,,
GFD and SF program Manager_ Dollo,,0,,
GIK & TIM Warehouse Manger,,0,,
GIS ACTIVITY MANAGER,,0,,
Glass partition yemisera balemuya,,0,,
Global Head of Data Privacy and Analytics,,0,,
Global Head of IT Enablement,,0,,
Global Health Security (GHS) Advisor,,0,,
Global Mobility Expert,,0,,
Global Perspectives (IGCSE) Teacher,,0,,
Global Plat Form (GP) Focal Person,,0,,
GMAT INSTRUCTOR,,0,,
Golang Backend Developer,,0,,
Golang Backend Engineer,,0,,
Golang Intern software engineer,,0,,
Golden media and events is looking for freelance Sales agents to support it's Investment exhibition project with attractive benefit package.,,0,,
Gomista/ Tire Repairer,,0,,
Google business profile,,0,,
Google maps developer,,0,,
Google Products Translator and Reviewer,,0,,
Google ratings expert,,0,,
GOVERNANCE AND PARTNERSHIPS SPECIALIST: HIGHLANDS RESILIENCE ACTIVITY,,0,,
የGPS ገጣማ,,0,,
GPS Controller,,0,,
GPS Data Entry & Analyst,,0,,
GPS DEVICE(SPEED LIMITER),,0,,
Gps importer(salesman),,0,,
Gps installation and speed limiter,,0,,
GPS installation Technician (installing GPS Trackers on Cars),,0,,
GPS Monitoring Coordinator,,0,,
"GPS, Speed Limiter & Fuel sensor installation engineer/technician",,0,,
GPS System Operator,,0,,
Grade Directors,,0,,
PROFESSIONAL CoTM,,0,,
Granite & Marble Production Manager,,0,,
Grant Document Writer,,0,,
"Grant, Risk and Compliance Officer _ Addis Ababa",,0,,
"Grants & Contracts Manager, Ethiopia Sustainable Peace Activity",,0,,
Graphical design,,0,,
graphic desginer,,0,,
graphic desginer and social media marketer,,0,,
Social Media Content Creator,,0,,
social Media controller,,0,,
Graphic Designer for Children's Book Illustrations,,0,,
Graphic Designer for Telegram Channel,,0,,
Graphic Designer / Mainly Soical Media Banner Design,,0,,
Graphic designerOffice secretary combo,,0,,
Graphics design and CNC machine operator,,0,,
Video Editing Teacher For YouTube,,0,,
Graphics Design Cum Office Manager,,0,,
Graphics Designer & Social Media Marketer PLUS Sales,,0,,
Graphics design/social media manager (Unpaid internship),,0,,
"Graphics design, specially motion graphics for an event company",,0,,
Ground Pricing Quoting Administrator,,0,,
Group Conference & Events Sales Executive,,0,,
Group Reservation Agent,,0,,
Growth Initiative Manager (GIM),,0,,
gRPC developer in Go lang,,0,,
GSE/GTV Body Repair Mechanic,,0,,
GSE/GTV Mechanic,,0,,
Guest Relation Officer,,0,,
Guest Relations Manager,,0,,
Guidance & Councilors,,0,,
Gympson and aluminum work,,0,,
gynecologist,,0,,
Gynecologist & Obstetrician,,0,,
Gynecologist & Obstetrician Specialist,,0,,
Habesha hand tilf,,0,,
Hand Crafts (Paper Bag and others),,0,,
Handling finance and organizing expense and revenue and accounting works,,0,,
Handling finance and organizing expense and revenue and other accounting works,,0,,
Hardware and software maintinance,,0,,
Hardware & Networking servicing Teacher,,0,,
Havana printing,,0,,
HC Strategy & System Development Manager,,0,,
"Head, Branding and Digital Marketing Division",,0,,
"Head, Business Development and Partnership",,0,,
Head Campus Quality Assurance,,0,,
"Head, Collection & Disbursement unit",,0,,
Head Commercial & Operation,,0,,
"Head, Cost and Budget Division",,0,,
"Head, Curriculum, Materials Development & Distribution",,0,,
Head Customer support,,0,,
"Head, Disaster Risk Management (DRM) Division",,0,,
Head Druggist,,0,,
"Head ,Employee Benefity and Compasation",,0,,
"Head, Finance and Business Optimization",,0,,
"Head, Finance, HR and Shareholder’s administration",,0,,
"Head, Financing Portfolio Section",,0,,
"Head, Financing Portfolio Section (Interest Free Banking Department)",,0,,
Head –Fleet and Transport,,0,,
"Head, Gender and Social Inclusion Department",,0,,
"Head, General Accounts Division",,0,,
"Head, General Service Division",,0,,
"Head, General Service & Materials Management Division",,0,,
Head Health Services- Alemgena Site,,0,,
"Head, HR Admin & General Service Division",,0,,
"Head, HRD & Change Mgt. Division",,0,,
"Head, HRM Division",,0,,
"Head, IFB-Finance & Accounts Section",,0,,
"Head, Innovation Center",,0,,
"Head, Internal Control",,0,,
"Head, Management Information System Section",,0,,
Head of content and production,,0,,
Head of content creater,,0,,
Head of digital content,,0,,
Head of Investment - Ethiopia,,0,,
Head of Mission Support,,0,,
"Head of Monitoring, Evaluation, Research & Learning (MERL)",,0,,
Head of National Programs,,0,,
Head of Retails ETrade,,0,,
Head of Strategy,,0,,
Head of Sub Office/ Field Office,,0,,
Head of Treasury,,0,,
"Head, Project Equipment Maintenance Section",,0,,
Head Research and Community Engagement,,0,,
"Head, Rewards and Benefits Section",,0,,
"Head, SME Loans Section",,0,,
Head Store Keeper,,0,,
"Head, Succession and Career Section",,0,,
Head- Training & Development,,0,,
Health and Nutrition & FSL Coordinator,,0,,
Health and Nutrition IM Intern,,0,,
Health and Nutrition in Emergency Specialist,,0,,
Healthcare Quality Assessor,,0,,
Health Content Creator,,0,,
Health Information Management Service (HIMS),,0,,
Health/ Medical Video content creators,,0,,
"Health Officer, EHF Project /Afar region, Teru Woreda",,0,,
Health Systems Strengthening (HSS) Officer,,0,,
Healthy Village Project Coordinator,,0,,
Highly motivated Digital Marketer and content developer,,0,,
High Quality Printing Service,,0,,
High quality rendering from SOLIDWORKS assembly file,,0,,
HINGO Deputy Director,,0,,
HIV counselor and Interviewer,,0,,
HIV Service Linkage Officer,,0,,
HIV Service Officer/ Community Engagement Facilitator.,,0,,
HKOFood Preparation Instructor,,0,,
HOD – Telecoms & Managed Services,,0,,
"Home Psychiatrist/Psychologist (Parttime, for Kids)",,0,,
Honey Marketing and Livelihood Facilitator,,0,,
Honey Marketing and Livelihood Officer,,0,,
ፕሮግራም አስተዋዋቂ (host),,0,,
Host and Show Manager for a YouTube Channel,,0,,
"Host for Digital Talk Show (Lead): Males & Females, 21+ (Excellent English Speaker)",,0,,
Host for our Social media channel,,0,,
Host for (Virtual Reality) VR Video,,0,,
የቤት አያያዝ አስተዳዳሪ,,0,,
Housemaid,,0,,
HR Admin & Payroll Head,,0,,
HR Business Partner-For Dire Dawa District Office,,0,,
HR Business Partner Office,,0,,
HR Business Partner Supervisor,,0,,
HR & Data record System,,0,,
HR Division Business Development Team Lead,,0,,
HR Internship,,0,,
HRM Division Head,,0,,
HR Policy Manual Preparation,,0,,
HSE Enginer,,0,,
HSE Head,,0,,
HST Young Leaders Professional Development Program,,0,,
HTML & CSS drveloper,,0,,
"HTML,css, js, php coder",,0,,
Humam Resource Management (Cafe & Restaurant Experience only),,0,,
Humanitarian Disarmament and Peace Building (HDP) Coordinator,,0,,
Humanitarian response/Voluntary Services,,0,,
Human Recourse Documentation Assistant,,0,,
Hygiene and SBC Coordinator:,,0,,
Hygiene Promotion/PLA Officer,,0,,
Hygiene & Sanitation Promoter,,0,,
IaC Developer,,0,,
"ICAP National Technical Advisor, GF-C19RM",,0,,
Icon Pack Designer,,0,,
ICT Assistant - Maternity Cover,,0,,
ICU and Critical Care Nurse,,0,,
ICU Cardiac Nurse,,0,,
IDS Support Executive,,0,,
IFB Financing Analysis & Appraisal Officer,,0,,
IFB Financing Portfolio and Recovery Mg’t Officer,,0,,
IFB Information Documentation Officer,,0,,
IFB Research and Development Officer,,0,,
IFB Senior CRM,,0,,
IFRS Adoption Officer,,0,,
IFRS OFFICER' for a Property Valuation company,,0,,
ILaNS Technical Program Coordinator,,0,,
Illustrator for B&W traditional African designs,,0,,
Imaginative business card designer,,0,,
IMAM Research Project Coordinator,,0,,
Implementation Director,,0,,
Implementation Support Assistant,,0,,
Inclusive Health Services Project officer for Inclusive MBMF project,,0,,
Inclusive Value Chain Development Advisor - Highland Resilience Activity,,0,,
Income Generating Activities (IGA) Manager,,0,,
Indirect Tv and Radio promoters,,0,,
Indoor and Networking Sales,,0,,
Infant and Young Child Feeding in Emergencies (IYCF-E) Officer,,0,,
Infection Prevention and Control (IPC) Senior Expert,,0,,
Infographics and Website Designer,,0,,
Information on ride hailing business,,0,,
Information Services Specialist (Addis Ababa),,0,,
Infrastructure Rehabilitation Overseer,,0,,
Ink-jet Department Trainee (Graduates),,0,,
Innovation and System Development Officer,,0,,
Instagram And Facebook Advertiser,,0,,
INSTRUCTION TO BIDDER FOR THE AUDIT OF ACCOUNTS OF Association for Human Rights in Ethiopia AHRE,,0,,
Livelihood And Nutrition Security/ILANS Officer,,0,,
Interen creative content creator,,0,,
Interest Free Banking Retail CRM,,0,,
Interfacing and microcomputing project,,0,,
Interfacing course project,,0,,
Intergrated Livelihood and Nutrition Security Officer,,0,,
PHP programer,,0,,
3ds Max software trainer,,0,,
International card holder,,0,,
International English Proficiency Exams Coach,,0,,
International Health Regulations Strengthening Project – Technical Advisor,,0,,
"Intern, AYSRH program",,0,,
Intern Digital Markter,,0,,
Internet አስጠቃሚ,,0,,
Internet and movie center,,0,,
Internet Cafe and Mobile Accessories Assistant,,0,,
Internet cafe and photo copy bet,,0,,
Internet cafe Assistant,,0,,
Internet Cafe Clark & Typist,,0,,
Internet/Game cafe Admin,,0,,
Intern Flutter App developer,,0,,
Intern flutter developer,,0,,
INTERN FOR DIGITAL BRANDING AND SOCIAL MEDIA MANAGMENT,,0,,
Intern for Marketing and coding jobs,,0,,
Intern Frontend Developer,,0,,
Intern Front End Developer,,0,,
Intern full stack developer,,0,,
Intern Fullstack Developer For Marketplace Platform,,0,,
Intern or junior level ui designer,,0,,
Intern PHP Developer,,0,,
Reporter with Management Skills,,0,,
Internship Digital Marketer & Marketing Strategist (Remote Unpaid),,0,,
Internship Entry Level Laravel Developer,,0,,
creative writing and graphic design,,0,,
Internship in different assignments in local and international seed companies,,0,,
"Monitoring and Evaluation, Knowledge Management",,0,,
Internship opportunity at management and HR team,,0,,
Internship Opportunity under United Nations,,0,,
Internship(paid),,0,,
Internship(paid) Full stack developer,,0,,
"internship program on marketing, android development and full stack web development.",,0,,
Social media marketer with a knowledge of graphic designing,,0,,
"Website designer, specifically an expert in WordPress",,0,,
"Intern Software Developer (Contract bases) Company: Digital Habesha Media, Communications & Marketing",,0,,
Intern telegram bot developer,,0,,
USAID-Integrated Youth Activity (IYA),,0,,
Writer and Social Media Manager,,0,,
Interview and documentary production of coffee farmers,,0,,
Inventory Controller and Data Encoding Officer,,0,,
Invitation for Bids: Development of Business Continuity Plan and Organization Manual Revision,,0,,
Ionic Angular Developer,,0,,
Ionic/PHP Developer,,0,,
IOS developer with flutter,,0,,
IOS Help Desk Support,,0,,
IOS Swift Developer,,0,,
IP Local Engineer,,0,,
Ip sec configuration using public ip,,0,,
IQFS Document Controller,,0,,
Islamic banking (interest free Bank) core system support Engineer,,0,,
ISP (Inside Plant) Engineer,,0,,
"Research Intern, Africa Peace and Security Governance",,0,,
IT personnel and digital marketing,,0,,
IT Solutions Company Sales,,0,,
IT SPECIALIST/ DATA ENCODER,,0,,
IT specialist On Dijtal Markating,,0,,
IT Support and archive Officer,,0,,
trainer and data encoder assistant,,0,,
IWASH Technical Program Coordinator,,0,,
IYCF-E Officer/Breastfeeding Counselor,,0,,
Jar and Emergency Water Treatment Junior Chemist,,0,,
java project,,0,,
Java & React Native Developer,,0,,
JavaScript ecommerce Developer,,0,,
JavaScript Full stack developer,,0,,
JavaScript to React Component Conversion Specialist,,0,,
Java Spring Boot Developer,,0,,
java webservice developer,,0,,
.jdyi antivirus vendor,,0,,
Community Engagement and Early Warning Officer,,0,,
JEOP Cash Assistance/E-payment Facilitator,,0,,
JEOP Program Manager I-Operations,,0,,
Jingle/Soundtrack Designer for Tutorial Animation,,0,,
Community Help Desk (CHD) facilitator,,0,,
Network Marketing with international company,,0,,
Johns Hopkins Center for Communication Programs (CCP) Implementation Research Project Scope of Work for Data collectors and Supervisors,,0,,
Joint Venture Agreement Expert/Writer,,0,,
JPO - Gender and Communications Analyst,,0,,
JSI Senior Web Applications Developer,,0,,
Juice and Ice cream maker,,0,,
Stock Manger,,0,,
Junior accountants for wehib chemicals trading,,0,,
Junior account Executive,,0,,
Junior Actress for Juice Advertisement,,0,,
Junior and Senior Researchers/ Consultants,,0,,
ጀማሪ ካሜራማን እና ኤዲተር Junior Cameraman and Editor,,0,,
Junior Claims and Recovery Officer,,0,,
Junior Claims Officer,,0,,
Junior Clearing and Settlement Officer,,0,,
Junior Climate Change Advisor’’,,0,,
Junior Collateral Valuator,,0,,
Junior Container Documentation Officer,,0,,
Junior Content Crater,,0,,
Junior Cooperative Advisor (m/f),,0,,
Junior Core Banking Systems Pre Sales Engineer,,0,,
Junior Cost & Budget Accountant,,0,,
Junior Customer Accounts and Due Diligence Officer,,0,,
Junior Customer Relation Officers/External,,0,,
Junior Customer Relations Manager ( parttime),,0,,
Junior Cvent Developer,,0,,
Junior Data Encoder,,0,,
Junior direct/showroom sales,,0,,
Junior event planner and executor,,0,,
Junior tv program host,,0,,
Junior flutter developer,,0,,
Junior Grant Office / Data Management & Reporting /,,0,,
Junior investment expert internship program,,0,,
Junior IT Support Engineer,,0,,
Junior Java Developer,,0,,
Junior Laravel Developer,,0,,
Junior Laravel Software Developer,,0,,
Junior Liaison and Transit Officer,,0,,
Junior Liason Office,,0,,
Junior Marketing and finance assistance,,0,,
Junior Mobile & Internet Banking Officer,,0,,
Junior Operation and Client Care Executive,,0,,
Junior Outdoor/Showroom Sales,,0,,
Junior People Operation Liaison,,0,,
Junior photo shoot model,,0,,
Junior Project Appraisal Officer (Re-advertised),,0,,
Junior Property and General Service Officer,,0,,
Junior Property Valuato,,0,,
Junior Proposal Writer Intern,,0,,
Junior Researcher: Laboratory Logistics and Quality Management,,0,,
Junior Researcher (Malaria Microscopist),,0,,
Junior Researcher (Public Health),,0,,
Junior Reward & Employee Services Officer (Re-advertised),,0,,
Junior Sales & Marketing,,0,,
እስክሪክሪፕት ደራሲ,,0,,
Senior Developer Call,,0,,
